"uFastC","uSlowC","uNecroC","pFastC","pSlowC","pNecroC","livingMicrobeC","uFastN","uSlowN","uNecroN","pFastN","pSlowN","pNecroN","inorganicN","CO2","livingMicrobeN"
0.00496674621119501,0.237001451905424,0.00506966614181776,0.0041011880430997,0.000139128141796991,0.0187460877374016,0.0111962673990392,0.000186006011611974,0.0129279995874695,0.00054317851519476,0.000121828372037593,7.51080278394827e-06,0.00200850940043589,0.000440526496391328,124.970077731447,0.00159946677129131
