"uFastC","uSlowC","uNecroC","pFastC","pSlowC","pNecroC","livingMicrobeC","uFastN","uSlowN","uNecroN","pFastN","pSlowN","pNecroN","inorganicN","CO2","livingMicrobeN"
0.000193573972182574,0.00281447256599813,0.000299435230427258,0.015371962766471,0.000506778364877784,0.12062292555059,0.000584568171860079,3.07708157865797e-06,0.000199298284892696,3.20823461172059e-05,0.000410239827318579,3.09783745804379e-05,0.0129238848804202,0.000440526496391328,437.397930441538,8.35097388371534e-05
